{
  "usuarios": [
    {
      "id": "c913",
      "correo": "narly@gmail.com",
      "contraseña": "25d55ad283aa400af464c76d713c07ad",
      "nombre": "narly",
      "rol": "Instructor"
    },
    {
      "id": "6537",
      "correo": "egranados@gmail.com",
      "contraseña": "25d55ad283aa400af464c76d713c07ad",
      "nombre": "erick",
      "rol": "administrador"
    },
    {
      "id": "8d71",
      "correo": "jodavelo3040@arp.edu.co",
      "contraseña": "25d55ad283aa400af464c76d713c07ad",
      "nombre": "jonathan",
      "rol": "Instructor"
    },
    {
      "id": "0948",
      "correo": "marlin@gmail.com",
      "contraseña": "25d55ad283aa400af464c76d713c07ad",
      "nombre": "Marlin dolpi",
      "rol": "Instructor"
    },
    {
      "id": "b2e3",
      "correo": "jdvega@gmail.com",
      "contraseña": "25d55ad283aa400af464c76d713c07ad",
      "nombre": "jonathan",
      "rol": "administrador"
    },
    {
      "id": "255e",
      "correo": "luisacor@gmail.com",
      "contraseña": "25d55ad283aa400af464c76d713c07ad",
      "nombre": "Luisa Córdoba",
      "rol": "Instructor"
    }
  ],
  "peticiones": [
    {
      "estado": "Finalizado",
      "id": "3c84"
    },
    {
      "estado": "Finalizado",
      "id": "fe0c"
    },
    {
      "estado": "Finalizado",
      "id": "1139"
    },
    {
      "estado": "Finalizado",
      "id": "e40a"
    },
    {
      "id": "5c14",
      "usuario_id": "c913",
      "nombre_usuario": "Juan Sebastian",
      "numero_telefono": "306465455",
      "entrega_aproximada": {
        "calendar": {
          "identifier": "gregory"
        },
        "era": "AD",
        "year": 2024,
        "month": 9,
        "day": 19
      },
      "devolucion_aproximada": {
        "calendar": {
          "identifier": "gregory"
        },
        "era": "AD",
        "year": 2024,
        "month": 9,
        "day": 27
      },
      "material_id": "1",
      "material_img": "../../src/assets/img/materiales/marcador-negro.png",
      "cantidad": 3,
      "estado": "Finalizado"
    },
    {
      "estado": "Finalizado",
      "id": "ad2a"
    },
    {
      "id": "26c8",
      "usuario_id": "0948",
      "nombre_usuario": "Marlin dolpi",
      "numero_telefono": "3046564654",
      "entrega_aproximada": {
        "calendar": {
          "identifier": "gregory"
        },
        "era": "AD",
        "year": 2024,
        "month": 9,
        "day": 16
      },
      "devolucion_aproximada": {
        "calendar": {
          "identifier": "gregory"
        },
        "era": "AD",
        "year": 2024,
        "month": 9,
        "day": 18
      },
      "material_id": "3",
      "material_img": "../../src/assets/img/materiales/borrador-tablero.png",
      "cantidad": 21,
      "estado": "Pendiente"
    },
    {
      "id": "7a07",
      "usuario_id": "c913",
      "nombre_usuario": "narly",
      "numero_telefono": "3006130984",
      "entrega_aproximada": {
        "calendar": {
          "identifier": "gregory"
        },
        "era": "AD",
        "year": 2024,
        "month": 9,
        "day": 17
      },
      "devolucion_aproximada": {
        "calendar": {
          "identifier": "gregory"
        },
        "era": "AD",
        "year": 2024,
        "month": 9,
        "day": 20
      },
      "material_id": "1",
      "material_img": "../../src/assets/img/materiales/marcador-negro.png",
      "cantidad": 2,
      "estado": "Pendiente"
    },
    {
      "id": "7642",
      "identificador": "",
      "descripción": "bafle usable",
      "estado": "usado",
      "cantidad": "9",
      "situación": "entregable",
      "material_id": "9854",
      "material_img": ""
    },
    {
      "id": "4009",
      "usuario_id": "c913",
      "nombre_usuario": "narly",
      "numero_telefono": "3128754569",
      "entrega_aproximada": {
        "calendar": {
          "identifier": "gregory"
        },
        "era": "AD",
        "year": 2024,
        "month": 9,
        "day": 17
      },
      "devolucion_aproximada": {
        "calendar": {
          "identifier": "gregory"
        },
        "era": "AD",
        "year": 2024,
        "month": 9,
        "day": 19
      },
      "material_id": "2",
      "material_img": "../../src/assets/img/materiales/marcador-rojo.png",
      "cantidad": 1,
      "estado": "Pendiente"
    },
    {
      "estado": "Finalizado",
      "id": "1388"
    },
    {
      "estado": "Finalizado",
      "id": "8a71"
    }
  ],
  "materiales": [
    {
      "id": "1",
      "nombre": "Marcador",
      "tipo": "suministro",
      "cantidad_disponible": 190,
      "estado": "nuevo",
      "descripcion": "Elemento empleado para usar en tableros especiales",
      "color": "negro",
      "img": "../../src/assets/img/materiales/marcador-negro.png"
    },
    {
      "id": "3",
      "nombre": "Borrador De Tablero",
      "tipo": "suministro",
      "cantidad_disponible": 53,
      "estado": "Nuevo",
      "descripcion": "Elemento empleado para borrar en tableros especiales",
      "color": "negro",
      "img": "../../src/assets/img/materiales/borrador-tablero.png"
    },
    {
      "id": "4",
      "nombre": "Computador",
      "tipo": "Electronico",
      "cantidad_disponible": 32,
      "estado": "Usado",
      "descripcion": "Elemento electronico para uso de los instructores",
      "color": "plateado",
      "img": "../../src/assets/img/materiales/computador-portatil.png"
    },
    {
      "id": "5",
      "nombre": "Martillo",
      "tipo": "Fisico",
      "cantidad_disponible": 13,
      "estado": "Usado",
      "descripcion": "Elemento",
      "color": "Madera",
      "img": "../../src/assets/img/materiales/martillo.png"
    },
    {
      "id": "6",
      "nombre": "Cable Hdmi",
      "tipo": "Electronico",
      "cantidad_disponible": 128,
      "estado": "Nuevo",
      "descripcion": "Elemento electronico para uso de transmición de imagen",
      "color": "Negro",
      "img": "../../src/assets/img/materiales/hdmi.png"
    },
    {
      "id": "8",
      "nombre": "Destornillador",
      "tipo": "Fisico",
      "cantidad_disponible": 22,
      "estado": "Usado",
      "descripcion": "Herramientas diseñados para apretar o aflojar tornillos ranurados de fijación sobre materiales de madera, metálicos, plásticos etc",
      "color": "Varios",
      "img": "../../src/assets/img/materiales/destornillador.png"
    },
    {
      "id": "12b8",
      "identificador": "2",
      "situacion": "Material en buen estado",
      "nombre": "Alicate",
      "tipo": "devolutivo",
      "cantidad_disponible": "5",
      "estado": "nuevo",
      "descripcion": "Material utilizado para arreglar cosar",
      "color": "",
      "img": ""
    }
  ],
  "devoluciondetalle": [
    {
      "id": "1",
      "cantidad": "",
      "descripcion": "se devolvio el material en exelentes condiciones",
      "usuario_id": "",
      "nombre_usuario": "",
      "numero_telefono": "",
      "fecha": ""
    },
    {
      "id": "025a",
      "cantidad": "10",
      "descripcion": "Se devuelven en exelente estado",
      "usuario_id": "c913",
      "nombre_usuario": "Juan Sebastian",
      "numero_telefono": "306465455",
      "fecha": "2024-09-17T04:49:52.166Z"
    },
    {
      "id": "b7e6",
      "cantidad": "1",
      "descripcion": "muy buen estado",
      "usuario_id": "c913",
      "nombre_usuario": "Narly Beatriz",
      "numero_telefono": "321354654",
      "fecha": "2024-09-17T05:47:29.616Z"
    },
    {
      "id": "d9b7",
      "cantidad": "10",
      "descripcion": "exelente estado",
      "usuario_id": "c913",
      "nombre_usuario": "Narly Beatriz",
      "numero_telefono": "321654646",
      "fecha": "2024-09-17T05:50:53.218Z"
    },
    {
      "id": "1489",
      "cantidad": "20",
      "descripcion": "se devolvieron en exelente estado",
      "usuario_id": "c913",
      "nombre_usuario": "Narly Beatriz",
      "numero_telefono": "321654654",
      "fecha": "2024-09-17T14:16:01.546Z"
    },
    {
      "id": "18a4",
      "cantidad": "20",
      "descripcion": "se devoldio en exelente estado",
      "usuario_id": "c913",
      "nombre_usuario": "Jonathan Vega",
      "numero_telefono": "3006130984",
      "fecha": "2024-09-17T14:24:18.524Z"
    },
    {
      "id": "34eb",
      "cantidad": "3",
      "descripcion": "se recibe en exelente estado",
      "usuario_id": "c913",
      "nombre_usuario": "Narly Beatriz",
      "numero_telefono": "321465451",
      "fecha": "2024-09-17T14:30:21.801Z"
    },
    {
      "id": "3385",
      "cantidad": "10",
      "descripcion": "se devolvio un poco dañado el cable identificado con 19932936983",
      "usuario_id": "c913",
      "nombre_usuario": "narly",
      "numero_telefono": "3006130984",
      "fecha": "2024-09-17T14:38:19.162Z"
    },
    {
      "id": "0025",
      "cantidad": "1",
      "descripcion": "Material devuelto en buen estado",
      "usuario_id": "c913",
      "nombre_usuario": "Narly Beatriz",
      "numero_telefono": "304654645",
      "fecha": "2024-10-18T01:53:21.528Z"
    }
  ]
}